{
  "train_loss": [
    2.392056941986084,
    2.31770920753479,
    2.265638589859009,
    2.229773998260498,
    2.198599100112915,
    2.1736562252044678,
    2.153503656387329,
    2.135380268096924,
    2.119079828262329,
    2.1043813228607178,
    2.092491626739502,
    2.082409620285034,
    2.07263445854187,
    2.064049243927002,
    2.0567426681518555,
    2.049020290374756,
    2.0418057441711426,
    2.035112142562866,
    2.029527425765991,
    2.024028778076172,
    2.0185863971710205,
    2.013765335083008,
    2.0094141960144043,
    2.0048604011535645,
    2.000654935836792,
    1.9970110654830933,
    1.9929783344268799,
    1.989558458328247,
    1.9860600233078003,
    1.982369303703308
  ],
  "val_risk_acc": [
    0.012571098837688567,
    0.01343664990520155,
    0.00684197510510263,
    0.017311021350259664,
    0.10716346550160745,
    0.23901574478608523,
    0.33929601846508944,
    0.41698953095375485,
    0.48046327590470694,
    0.5305415876679581,
    0.5741900915011129,
    0.608070233286621,
    0.6372928859945594,
    0.6616519660374248,
    0.6816420740252246,
    0.7015497485780232,
    0.7173769680982607,
    0.7330393207484955,
    0.7472590882862089,
    0.7689390816915341,
    0.8027780067595417,
    0.8404088698376061,
    0.8700436897205507,
    0.8891682466408375,
    0.9019454290660291,
    0.9125381254636881,
    0.9207814689638117,
    0.9279119610914187,
    0.9424202456516363,
    0.9617921028769268
  ],
  "val_typology_acc": [
    0.07027450333855412,
    0.0708927541010634,
    0.06809001731102135,
    0.07118127112356772,
    0.07167587173357513,
    0.07031572005605474,
    0.07002720303355041,
    0.07419009150111285,
    0.0776935124886654,
    0.07781716264116725,
    0.07913609760118705,
    0.07967191492869508,
    0.0806198994312093,
    0.08181518423872723,
    0.08358750309125382,
    0.08449427087626742,
    0.08622537301129338,
    0.08618415629379277,
    0.08610172285879153,
    0.08684362377380266,
    0.08655510675129832,
    0.08647267331629709,
    0.08573077240128596,
    0.08597807270628967,
    0.08597807270628967,
    0.08597807270628967,
    0.08614293957629214,
    0.0860605061412909,
    0.0867199736213008,
    0.08643145659879647
  ],
  "val_risk_f1": [
    0.013351427070565575,
    0.012297246322142588,
    0.008942653486389451,
    0.012530660402042199,
    0.05361607991062811,
    0.10559879926575304,
    0.13597097794251467,
    0.1548216397099257,
    0.16946083738088666,
    0.17878276723633083,
    0.1852556762744076,
    0.19238853819282936,
    0.19884566878568288,
    0.20396478744527247,
    0.2037411961752227,
    0.2073284774120954,
    0.21010792395464598,
    0.21290419187797596,
    0.21553230400222417,
    0.21782030409491204,
    0.22308248940494224,
    0.22873061974227935,
    0.233044572182664,
    0.235755612997203,
    0.23756679922621932,
    0.23900918380545855,
    0.2401749867360251,
    0.241182436752057,
    0.2426046176046176,
    0.2451464470311384
  ],
  "val_typology_f1": [
    0.018066805692997106,
    0.019184619056369374,
    0.022647774183381444,
    0.03459184648701525,
    0.04334038570391592,
    0.04428941436304677,
    0.046771633236019336,
    0.05143635367249465,
    0.05296168100045178,
    0.04996294032326239,
    0.046562070890463145,
    0.04120876594878478,
    0.03858112711238566,
    0.03715208191339844,
    0.03487766927811982,
    0.03393020156925075,
    0.03421948509047482,
    0.03255562353020804,
    0.030802223049066428,
    0.030273135553420275,
    0.027745049908326727,
    0.0265945561396556,
    0.024831928340654567,
    0.024007313978112517,
    0.02292928636197861,
    0.022511839806046433,
    0.02266363106137412,
    0.02233437029783714,
    0.02312136565502033,
    0.0231131131103764
  ],
  "best_epoch": 30,
  "best_val_f1": 0.089723113286605,
  "test_metrics": {
    "risk_accuracy": 0.9619585376911346,
    "risk_f1_macro": 0.2518345308626413,
    "typology_accuracy": 0.0887359353748506,
    "typology_f1_macro": 0.022360633289604248
  }
}